Workbook

Sheet Calorías 
K6: KETO PURA
I8: =IF(C14="Muy poca/Nada",1.2,IF(C14="Ligera (1-3 días/semana)",1.375,IF(C14="Moderada (3-5 días/semana)",1.5,IF(C14="Alta (6-7 días/semana)",1.7,IF(C14="Muy alta (élite o entrenamientos dobles)",1.9))))) -> 1.7 | K8: _ | L8: Carbohidratos | M8: Proteína | N8: Grasas | O8: kcal/día
B9: TUS DATOS | E9: CALORÍAS DE MANTENIMIENTO | F9: =IF(C13="Hombre",10*C12+6.25*C11-5*C10+5,IF(C13="Mujer",10*C12+6.25*C11-5*C10-161,""))*I8 -> 2293.3 | K9: % de calorías | L9: 5-10 | M9: 20-30 | N9: 65-70
B10: Edad | C10: 38 | K10: g/kg | L10: 0,2-0,5 | M10: 1,5-2,5 | N10: 2,0-2,5
B11: Altura | C11: 160 | E11: PÉRDIDA DE PESO | K11: g/día mín | L11: =0.2*C12 -> 14 | M11: =1.5*C12 -> 105 | N11: =2*C12 -> 140 | O11: ='Calorías '!$L11*4+'Calorías '!$M11*4+'Calorías '!$N11*9 -> 1736
B12: Peso | C12: 70 | E12: CALORÍAS (CON DÉFICIT) | F12: =F9*0.8 -> 1834.64 | K12: g/día máx | L12: =0.5*C12 -> 35 | M12: =2.5*C12 -> 175 | N12: =2.5*C12 -> 175 | O12: ='Calorías '!$L12*4+'Calorías '!$M12*4+'Calorías '!$N12*9 -> 2415
B13: Sexo | C13: Mujer | K13: fuentes | L13: Verduras y frutras bajas en glucosa y fructosa | M13: Huevos, carnes, pescados, suplementación | N13: Ricas en omega3, monoinsaturadas y saturadas
B14: Actividad física | C14: Alta (6-7 días/semana) | E14: GANANCIA DE MÚSCULO
E15: CALORÍAS (CON SUPERÁVIT) | F15: =F9*1.1 -> 2522.63
K17: KETO-CUT
K19: _ | L19: Carbohidratos | M19: Proteína | N19: Grasas | O19: kcal/día
K20: % de calorías | L20: 5-10 | M20: 20-30 | N20: 65-70
K21: g/kg | L21: 0,2-0,3 | M21: 2,5-3,0 | N21: 1,5
K22: g/día mín | L22: =0.2*C12 -> 14 | M22: =2.5*C12 -> 175 | N22: =1.5*C12 -> 105 | O22: ='Calorías '!$L22*4+'Calorías '!$M22*4+'Calorías '!$N22*9 -> 1701
K23: g/día máx | L23: =0.3*C12 -> 21 | M23: =3*C12 -> 210 | N23: =1.5*C12 -> 105 | O23: ='Calorías '!$L23*4+'Calorías '!$M23*4+'Calorías '!$N23*9 -> 1869
K24: fuentes | L24: Verduras y frutras bajas en glucosa y fructosa | M24: Huevos, carnes, pescados, suplementación | N24: Ricas en omega3, monoinsaturadas y saturadas
K28: LOW CARB A LA PHIL HUGO
K30: _ | L30: Carbohidratos | M30: Proteína | N30: Grasas | O30: kcal/día
K31: % de calorías | L31: 20-25 | M31: 25-35 | N31: 40-45
K32: g/kg | L32: 1,5-2,0 | M32: 2,0-2,5 | N32: 1,0-1,5
K33: g/día mín | L33: =1.5*C12 -> 105 | M33: =2*C12 -> 140 | N33: =1*C12 -> 70 | O33: ='Calorías '!$L33*4+'Calorías '!$M33*4+'Calorías '!$N33*9 -> 1610
K34: g/día máx | L34: =2*C12 -> 140 | M34: =2.5*C12 -> 175 | N34: =1.5*C12 -> 105 | O34: ='Calorías '!$L34*4+'Calorías '!$M34*4+'Calorías '!$N34*9 -> 2205
K35: fuentes | L35: Verduras, almidones, frutras | M35: Huevos, carnes, pescados, suplementación | N35: Ricas en omega3, monoinsaturadas y saturadas

Sheet Peso y medidas
C2: Peso | K2: Elegir el día de la semana para pesarse y medirse
C3: Día | D3: Peso total | E3: Porcentaje grasa | G3: Porcentaje músculo
B4: Semana 1 | J4: =IFERROR(AVERAGE(C4:I4),"")
B5: Semana 2 | J5: =IFERROR(AVERAGE(C5:I5),"")
B6: Semana 3 | J6: =IFERROR(AVERAGE(C6:I6),"")
B7: Semana 4 | J7: =IFERROR(AVERAGE(C7:I7),"")
B8: Semana 5 | J8: =IFERROR(AVERAGE(C8:I8),"")
B9: Semana 6
B10: Semana 7
B11: Semana 8
B12: Semana 9
B13: Semana 10 | J13: =IFERROR(AVERAGE(C13:I13),"")
C15: Medidas
C16: Pecho | D16: Cintura | E16: Cadera | F16: Brazos | H16: Muslos
F17: izq | G17: dcho | H17: izq. | I17: dcho
B18: Semana 1
B19: Semana 2
B20: Semana 3
B21: Semana 4
B22: Semana 5
B23: Semana 6
B24: Semana 7
B25: Semana 8
B26: Semana 9
B27: Semana 10
